calle_id,nombre_calle,qr_centro_x_cm,qr_centro_y_cm,punta_x_cm,punta_y_cm,calle_x_cm,calle_y_cm,qr_version,url
florencia-antillon-34071461,Florencia Antillón,170.8,19.0,170.9,37.9,170.9,37.9,8,https://seleneyang.github.io/calles-mujeres-ar/ar.html?calle_id=florencia-antillon-34071461
margarita-maza-de-juarez-78362513,Margarita Maza de Juárez,114.7,20.5,114.8,39.4,121.7,13.3,8,https://seleneyang.github.io/calles-mujeres-ar/ar.html?calle_id=margarita-maza-de-juarez-78362513
frida-kalho-38525493,Calle Frida Kalho,243.3,21.8,243.4,40.7,245.8,32.0,8,https://seleneyang.github.io/calles-mujeres-ar/ar.html?calle_id=frida-kalho-38525493
maria-luisa-stampa-ortigoza-75039575,María Luisa Stampa Ortigoza,141.1,22.2,141.2,41.1,134.2,15.1,8,https://seleneyang.github.io/calles-mujeres-ar/ar.html?calle_id=maria-luisa-stampa-ortigoza-75039575
eulalia-guzman-5849710,Eulalia Guzmán,127.7,56.5,127.9,75.4,125.5,66.7,8,https://seleneyang.github.io/calles-mujeres-ar/ar.html?calle_id=eulalia-guzman-5849710
dolores-jimenez-muro-25053071,Dolores Jiménez Muro,57.1,59.1,57.2,78.0,57.2,78.0,8,https://seleneyang.github.io/calles-mujeres-ar/ar.html?calle_id=dolores-jimenez-muro-25053071
sor-juana-ines-de-la-cruz-24858788,Sor Juana Inés de la Cruz,104.3,65.0,104.4,83.9,117.9,80.2,8,https://seleneyang.github.io/calles-mujeres-ar/ar.html?calle_id=sor-juana-ines-de-la-cruz-24858788
matilde-marquez-38526111,Matilde Márquez,200.4,69.3,200.5,88.2,195.5,88.2,8,https://seleneyang.github.io/calles-mujeres-ar/ar.html?calle_id=matilde-marquez-38526111
leona-vicario-24850916,Leona Vicario,151.7,70.9,151.8,89.8,151.8,89.8,8,https://seleneyang.github.io/calles-mujeres-ar/ar.html?calle_id=leona-vicario-24850916
emilia-romero-de-valle-25154829,Emilia Romero de Valle,175.7,91.3,175.8,110.2,155.8,110.2,8,https://seleneyang.github.io/calles-mujeres-ar/ar.html?calle_id=emilia-romero-de-valle-25154829
elena-arizmendi-25207088,Priv. Elena Arizmendi,52.8,97.4,52.9,116.3,115.6,133.1,8,https://seleneyang.github.io/calles-mujeres-ar/ar.html?calle_id=elena-arizmendi-25207088
rosario-castellanos-25154787,Rosario Castellanos,229.9,100.0,230.0,118.9,153.0,118.9,8,https://seleneyang.github.io/calles-mujeres-ar/ar.html?calle_id=rosario-castellanos-25154787
ana-maria-mier-25207086,Ana Maria Mier,103.6,106.1,103.8,125.0,115.9,132.0,8,https://seleneyang.github.io/calles-mujeres-ar/ar.html?calle_id=ana-maria-mier-25207086
luz-savinon-4842166,Luz Saviñon,130.7,121.2,130.8,140.0,121.8,140.0,8,https://seleneyang.github.io/calles-mujeres-ar/ar.html?calle_id=luz-savinon-4842166
andrea-arrieta-27785857,Andrea Arrieta,262.2,133.0,262.3,151.9,262.3,151.9,8,https://seleneyang.github.io/calles-mujeres-ar/ar.html?calle_id=andrea-arrieta-27785857
josefa-ortiz-dedominguez-99984608,Josefa Ortiz deDomínguez,68.9,135.6,69.0,154.5,107.1,176.5,8,https://seleneyang.github.io/calles-mujeres-ar/ar.html?calle_id=josefa-ortiz-dedominguez-99984608
madame-cuirie-392206229,Madame Cuirie,205.8,141.1,205.9,160.0,209.5,163.5,8,https://seleneyang.github.io/calles-mujeres-ar/ar.html?calle_id=madame-cuirie-392206229
ma-de-la-luz-bringas-221672255,Ma. de la Luz Bringas,96.8,143.6,96.9,162.5,96.9,162.5,8,https://seleneyang.github.io/calles-mujeres-ar/ar.html?calle_id=ma-de-la-luz-bringas-221672255
gabriela-mistral-32886048,Gabriela Mistral,230.1,144.9,230.2,163.8,210.2,163.8,8,https://seleneyang.github.io/calles-mujeres-ar/ar.html?calle_id=gabriela-mistral-32886048
paula-peraldo-40879632,Paula Peraldo,157.2,150.4,157.3,169.3,157.3,213.3,8,https://seleneyang.github.io/calles-mujeres-ar/ar.html?calle_id=paula-peraldo-40879632
dolores-del-rio-70905707,Dolores Del Rio,43.6,152.8,43.7,171.7,61.0,161.7,8,https://seleneyang.github.io/calles-mujeres-ar/ar.html?calle_id=dolores-del-rio-70905707
paz-montes-de-oca-25355285,Paz Montes de Oca,122.4,156.5,122.5,175.4,119.0,171.9,8,https://seleneyang.github.io/calles-mujeres-ar/ar.html?calle_id=paz-montes-de-oca-25355285
josefina-prior-155907583,Josefina Prior,91.5,178.8,91.6,197.7,89.3,189.0,8,https://seleneyang.github.io/calles-mujeres-ar/ar.html?calle_id=josefina-prior-155907583
elisa-g-otis-56722040,Elisa G. Otis,192.2,185.0,192.3,203.9,183.3,203.9,8,https://seleneyang.github.io/calles-mujeres-ar/ar.html?calle_id=elisa-g-otis-56722040
catalina-buendia-40879676,Catalina Buendía,167.4,189.4,167.5,208.3,170.0,212.6,8,https://seleneyang.github.io/calles-mujeres-ar/ar.html?calle_id=catalina-buendia-40879676
prof-aurora-reza-69710986,Prof. Aurora Reza,119.7,193.0,119.8,211.8,119.8,197.8,8,https://seleneyang.github.io/calles-mujeres-ar/ar.html?calle_id=prof-aurora-reza-69710986
laura-mendez-de-cuenca-40879832,Laura Méndez de Cuenca,220.0,198.3,220.1,217.2,176.1,217.2,8,https://seleneyang.github.io/calles-mujeres-ar/ar.html?calle_id=laura-mendez-de-cuenca-40879832
manuela-saenz-40879606,Manuela Sáenz,143.3,199.0,143.4,217.9,162.8,212.7,8,https://seleneyang.github.io/calles-mujeres-ar/ar.html?calle_id=manuela-saenz-40879606
carlota-armero-25399398,Carlota Armero,244.7,207.8,244.8,226.7,167.8,226.7,8,https://seleneyang.github.io/calles-mujeres-ar/ar.html?calle_id=carlota-armero-25399398
rosa-maria-sequeira-40879639,Rosa María Sequeira,72.3,215.8,72.4,234.7,159.4,211.4,8,https://seleneyang.github.io/calles-mujeres-ar/ar.html?calle_id=rosa-maria-sequeira-40879639
